stb,hathway_status,hathway_name,hathway_phone,bix_code,bix_name,bix_status,mobize_code,mobize_name,platform_code,platform_name,platform_status
N70130923132,INACTIVE,PARAMA NETWORKS,9164347660,,,,,,,,
N70130932695,INACTIVE,VK tiptur,9148287555,,,,,,,,
N70150034885,INACTIVE,krupa sagar,7259316656,,,,,,DP-28,Shashi Electricals DP,active
N70152402148,ACTIVE,krupa sagar,9019563840,,,,,,,,
N70152415827,INACTIVE,KRUPA KRUPA,9019563987,,,,,,,,
N70175025652,INACTIVE,Krupasagar H,7259316656,,,,,,,,
N70177480764,ACTIVE,DIGITAL NETWORK,7259316656,,,,,,,,
N70199338420,ACTIVE,Shiva EN,9731911668,,,,MST-28,Venkataraju mst,,,
N70199387567,ACTIVE,Shiv EN,9964820494,,,,MC-29,Mayur,,,
N70939620277,ACTIVE,krupa sagar,9019563840,,,,,,,,
N70940350427,ACTIVE,krupa sagar,9019563840,,,,,,,,
N70940350518,INACTIVE,krupa sagar,9019563840,,,,,,,,
N70940350542,INACTIVE,krupa sagar,9019563840,,,,,,,,
N71706468064,ACTIVE,Vk Tiptur,9148287555,,,,KT-55,Chandru kumar,,,
N71706468379,ACTIVE,Dileep Kumar,9743323205,,,,KT-60,Girish,KT-60,Girish,active
N71706473957,ACTIVE,krupa sagar,7259316656,,,,,,,,
N71715857174,ACTIVE,Vk Tiptur,9148287555,,,,,,,,
N71722868396,ACTIVE,Nagamani sagar,9019563840,,,,KT-63,Nagamani,KT-63,Nagamani,active
N71722985612,ACTIVE,Krupasagar H,9019563840,,,,LB-13,Akmal,LB-13,Akmal,active
N71723049715,ACTIVE,krupa sagar,9019563840,,,,CG-20,Kishor,,,
N71723061546,ACTIVE,Chethan H,9019563840,,,,SH-32,Chethan,SH-32,Chethan,active
N71724529731,ACTIVE,Vk Tiptur,9148287555,,,,,,,,
N71728255333,ACTIVE,Vk Tiptur,9148287555,,,,AJ-27,Srikanth MS,,,
N71734719736,ACTIVE,Vk Tiptur,9148287555,,,,AJ-28,Vasantha,,,
N71734720171,ACTIVE,Vk Tiptur,9148287555,,,,BH-1,Nagaraju Metro KK,BH-1,Nagaraju Metro KK,active
N71734723183,ACTIVE,Vk Tiptur,9148287555,,,,CN-53,Harish CN,,,
N71734729701,ACTIVE,Vk Tiptur,9148287555,,,,BA-16,Ramdev times,,,
N71734730253,ACTIVE,krupa sagar,9019563840,,,,,,,,
N71734731772,ACTIVE,Vk Tiptur,9148287555,,,,SVP-5,Kumar Vegetable SVP,,,
N71734734412,ACTIVE,krupa sagar,9019563840,,,,PR-21,Jayanthi,,,
N71734741045,ACTIVE,Vk Tiptur,9148287555,,,,CG-18,Ningaraju,,,
N71735496649,ACTIVE,Vk Tiptur,9148287555,,,,GS-7,Kumaramma,,,
N71735496680,ACTIVE,Vk Tiptur,9148287555,,,,,,,,
N71735520083,ACTIVE,krupa sagar,9019563840,,,,,,,,
N71735520125,ACTIVE,krupa sagar,9739569380,,,,CN-45,Fayaz CN,CN-45,Fayaz CN,active
N71735521636,ACTIVE,Vk Tiptur,9148287555,,,,KT-16,Jayadevappa Lawyer,,,
N71735523160,ACTIVE,Vk Tiptur,9148287555,,,,MST-22,Zahur,,,
N71735527914,ACTIVE,krupa sagar,9945655511,,,,VH-2,Prathap VT,,,
N72202663182,ACTIVE,Ashwini sdjh,9019563840,,,,,,,,
N72202663794,ACTIVE,Vk Tiptur,9148287555,,,,BH-18,Dilipa,,,
N72202663901,ACTIVE,Vk Tiptur,9148287555,,,,,,,,
