stb,vc_report,vc_platform,customer_name,reason
N70199338420,T403098813765,,,STB not found in platform
N71734723183,T403236196883,,,STB not found in platform
N70939620277,T403141038261,,,STB not found in platform
N71735521636,T403236995334,,,STB not found in platform
N72202511530,,,Nitina Kailash,Report has no VC ID
T403241311097,T403241311097,,,Report STB column is T-only (no N number)
T403241249685,T403241249685,,,Report STB column is T-only (no N number)
N72202665781,,,Kishore GO CN,Report has no VC ID
N71735520083,T403236993784,,,STB not found in platform
N70175025652,T403074500998,,,STB not found in platform
N72202664644,,N72202664644,Shanmuk,Report has no VC ID
N71734734412,T403236208118,,,STB not found in platform
N70150043332,T403049518679,,,STB not found in platform
N71735527914,T403237001611,,,STB not found in platform
N72202663794,,,Dilipa,Report has no VC ID
T403241105440,T403241105440,,,Report STB column is T-only (no N number)
N71734729701,T403236203408,,,STB not found in platform
T403241309638,T403241309638,,,Report STB column is T-only (no N number)
N72202865803,,,Kiran Kumar,Report has no VC ID
N71734719736,T403236193435,,,STB not found in platform
N70130897542,T403030372888,,,STB not found in platform
N70177480764,T403076956107,,,STB not found in platform
N70152413335,T403051888671,,,STB not found in platform
N72202663406,,,Anandbabu,Report has no VC ID
N70131110572,T403030585919,,,STB not found in platform
N70152402148,T403051877484,,,STB not found in platform
N72202870779,,,Pavan,Report has no VC ID
N71715857174,T403217277751,,,STB not found in platform
N70940350427,T403141768412,,,STB not found in platform
T403241250394,T403241250394,,,Report STB column is T-only (no N number)
N72202398094,,,Kiran traders GO MC,Report has no VC ID
N72202663182,,,,STB not found in platform
N70199387567,T403098862903,,,STB not found in platform
N72202663901,,,,STB not found in platform
N71706473957,T403207894532,,,STB not found in platform
T403241252721,T403241252721,,,Report STB column is T-only (no N number)
N71724529731,T403225950316,,,STB not found in platform
N71734730253,T403236203952,,,STB not found in platform
