stb,status,package,expiry_date
N70130694675,Terminated / not found,,
N70130762316,Terminated / not found,,
N70130829750,Terminated / not found,,
N70130834347,Terminated / not found,,
N70130835849,Terminated / not found,,
N70130835898,Not in LCO account,,
N70130835930,Terminated / not found,,
N70130838215,Terminated / not found,,
N70130861811,Terminated / not found,,
N70130862041,Terminated / not found,,
N70130862165,Terminated / not found,,
N70130862603,Not in LCO account,,
N70130864716,Terminated / not found,,
N70130864757,Terminated / not found,,
N70130864930,Terminated / not found,,
N70130895538,Terminated / not found,,
N70130895660,Terminated / not found,,
N70130895793,Terminated / not found,,
N70130896114,Terminated / not found,,
N70130897005,Terminated / not found,,
N70130897393,Terminated / not found,,
N70130897401,Terminated / not found,,
N70130897427,Terminated / not found,,
N70130897443,Terminated / not found,,
N70130897633,Terminated / not found,,
N70130898995,Terminated / not found,,
N70130899548,Terminated / not found,,
N70130910634,Terminated / not found,,
N70130910667,Terminated / not found,,
N70130910840,Terminated / not found,,
N70130910865,Terminated / not found,,
N70130929238,Terminated / not found,,
N70130929253,No package present (Could not read Main TV bouquet row (package name + status from grid).),,
N70130930780,Terminated / not found,,
N70130931853,Terminated / not found,,
N70130933727,Terminated / not found,,
N70130933750,Terminated / not found,,
N70130933768,Terminated / not found,,
N70130933776,Terminated / not found,,
N70130933792,Terminated / not found,,
N70131110341,Terminated / not found,,
N70142402836,Terminated / not found,,
N70142403743,No package present (Could not read Main TV bouquet row (package name + status from grid).),,
N70142547416,Terminated / not found,,
N70142549354,Terminated / not found,,
N70142557373,Terminated / not found,,
N70142557878,Terminated / not found,,
N70142558066,Terminated / not found,,
N70142558116,Terminated / not found,,
N70142558678,Terminated / not found,,
N70142566259,Terminated / not found,,
N70142569774,Terminated / not found,,
N70142569931,Terminated / not found,,
N70142570079,Terminated / not found,,
N70142570152,Terminated / not found,,
N70142570269,Terminated / not found,,
N70142575706,Terminated / not found,,
N70142575946,Terminated / not found,,
N70142576084,Terminated / not found,,
N70142576159,Terminated / not found,,
N70142579831,Terminated / not found,,
N70142580540,Terminated / not found,,
N70142580573,Terminated / not found,,
N70150004557,Terminated / not found,,
N70150015744,No package present (Could not read Main TV bouquet row (package name + status from grid).),,
N70150017104,Terminated / not found,,
N70150025545,Terminated / not found,,
N70150026436,Terminated / not found,,
N70150026451,Terminated / not found,,
N70150026469,Terminated / not found,,
N70150026493,Terminated / not found,,
N70150026816,Not in LCO account,,
N70150026972,Terminated / not found,,
N70150027004,Terminated / not found,,
N70150027137,Terminated / not found,,
N70150029984,Terminated / not found,,
N70150030099,Terminated / not found,,
N70150030107,Active,HW KA BRONZE 30d,13-OCT-26
N70150030156,Terminated / not found,,
N70150030263,Terminated / not found,,
N70150030552,No package present (Could not read Main TV bouquet row (package name + status from grid).),,
N70150030677,Terminated / not found,,
N70150030735,Terminated / not found,,
N70150031329,Terminated / not found,,
N70150031345,Terminated / not found,,
N70150032020,Active,HW KA GOLD MARATHI SD 30d,11-OCT-26
N70150032830,Terminated / not found,,
N70150032913,Terminated / not found,,
N70150032988,Terminated / not found,,
N70150032996,Terminated / not found,,
N70150033374,Terminated / not found,,
N70150033424,Terminated / not found,,
N70150033671,Not in LCO account,,
N70150033978,Terminated / not found,,
N70150034216,Terminated / not found,,
N70150034224,Terminated / not found,,
N70150034513,Terminated / not found,,
N70150034547,Terminated / not found,,
N70150034661,Terminated / not found,,
N70150034711,Terminated / not found,,
N70150034869,Terminated / not found,,
N70150034984,Terminated / not found,,
N70150035064,Terminated / not found,,
N70150035163,Terminated / not found,,
N70150037813,Terminated / not found,,
N70150038621,Terminated / not found,,
N70150038910,Terminated / not found,,
N70150043480,Terminated / not found,,
N70150045519,Terminated / not found,,
N70150045865,Terminated / not found,,
N70150046467,Terminated / not found,,
N70150046517,Terminated / not found,,
N70150046574,Terminated / not found,,
N70150049925,Terminated / not found,,
N70150049941,Terminated / not found,,
N70150049982,Terminated / not found,,
N70150083932,Active,HW KA KANNADA TELUGU HINDI HD 30d,11-OCT-26
N70150090499,Terminated / not found,,
N70150092719,Terminated / not found,,
N70152388701,Active,HW KA KANNADA TELUGU HINDI HD 30d,11-OCT-26
N70152389022,Active,HW KA BRONZE 30d,12-OCT-26
N70152397249,Terminated / not found,,
N70152397371,Terminated / not found,,
N70152400175,Terminated / not found,,
N70152400233,Not in LCO account,,
N70152400357,No package present (Could not read Main TV bouquet row (package name + status from grid).),,
N70152400498,Active,HW KA KANNADA TELUGU HINDI HD 30d,11-OCT-26
N70152400571,Terminated / not found,,
N70152400761,Terminated / not found,,
N70152401058,Terminated / not found,,
N70152401124,Terminated / not found,,
N70152401132,Terminated / not found,,
N70152401538,Terminated / not found,,
N70152401876,Terminated / not found,,
N70152402031,Terminated / not found,,
N70152402098,Terminated / not found,,
N70152402122,Terminated / not found,,
N70152402437,Terminated / not found,,
N70152402478,Terminated / not found,,
N70152402494,Terminated / not found,,
N70152403138,Terminated / not found,,
N70152403146,Terminated / not found,,
N70152403252,Terminated / not found,,
N70152403401,Terminated / not found,,
N70152403427,Terminated / not found,,
N70152403955,Terminated / not found,,
N70152404060,Terminated / not found,,
N70152404110,Terminated / not found,,
N70152404359,Terminated / not found,,
N70152404797,Terminated / not found,,
N70152404862,Terminated / not found,,
N70152404896,Terminated / not found,,
N70152404938,Terminated / not found,,
N70152405059,Terminated / not found,,
N70152405216,Terminated / not found,,
N70152407220,Terminated / not found,,
N70152407964,Terminated / not found,,
N70152408251,Terminated / not found,,
N70152408400,Terminated / not found,,
N70152408442,Terminated / not found,,
N70152408533,Terminated / not found,,
N70152408657,Terminated / not found,,
N70152408756,Terminated / not found,,
N70152408939,Terminated / not found,,
N70152413590,Terminated / not found,,
N70152413806,Terminated / not found,,
N70152416080,No package present (Could not read Main TV bouquet row (package name + status from grid).),,
N70152416155,Terminated / not found,,
N70152416593,Terminated / not found,,
N70152416635,Terminated / not found,,
N70152416817,Terminated / not found,,
N70152416882,Terminated / not found,,
N70152416924,Terminated / not found,,
N70152455765,Terminated / not found,,
N70152455898,Terminated / not found,,
N70152458173,Terminated / not found,,
N70152458496,No package present (Could not read Main TV bouquet row (package name + status from grid).),,
N70174920879,No package present (Could not read Main TV bouquet row (package name + status from grid).),,
N70174970460,Not in LCO account,,
N70174970650,No package present (Could not read Main TV bouquet row (package name + status from grid).),,
N70174970668,Active,HW KA KANNADA HINDI MARATHI 30d,12-OCT-26
N70175026114,Terminated / not found,,
N70175036386,Terminated / not found,,
N70175036618,Terminated / not found,,
N70175036667,Terminated / not found,,
N70175037079,Terminated / not found,,
N70175040735,Terminated / not found,,
N70175040917,Terminated / not found,,
N70175040974,Terminated / not found,,
N70177347377,Terminated / not found,,
N70177408799,Terminated / not found,,
N70177421115,Terminated / not found,,
N70177421230,Terminated / not found,,
N70177421248,Terminated / not found,,
N70177421263,Terminated / not found,,
N70177468611,Terminated / not found,,
N70177468736,Terminated / not found,,
N70177469486,Terminated / not found,,
N70177481747,Terminated / not found,,
N70177485284,Terminated / not found,,
N70177485516,Active,HW KA SILVER KANNADA HD 30d,11-OCT-26
N70177485607,Terminated / not found,,
N70177485805,Terminated / not found,,
N70177485854,Terminated / not found,,
N70177485920,Terminated / not found,,
N70939619188,Terminated / not found,,
N70939883099,Terminated / not found,,
N70939883248,Terminated / not found,,
N70940134045,Terminated / not found,,
N70940134060,Terminated / not found,,
N70940134086,Terminated / not found,,
N70940404604,Terminated / not found,,
N71715835923,Not in LCO account,,
N71728253767,Terminated / not found,,
N71728254294,Terminated / not found,,
N71728531477,Not in LCO account,,
N71734720171,Active,HW KA BRONZE 30d,11-OCT-26
